# Host: localhost  (Version 5.7.16-log)
# Date: 2017-08-04 05:01:25
# Generator: MySQL-Front 6.0  (Build 2.20)


#
# Structure for table "emails"
#

DROP TABLE IF EXISTS `emails`;
CREATE TABLE `emails` (
  `Id` int(11) NOT NULL AUTO_INCREMENT,
  `from` varchar(255) DEFAULT NULL,
  `to` varchar(255) DEFAULT NULL,
  `date_time` varchar(255) DEFAULT NULL,
  PRIMARY KEY (`Id`)
) ENGINE=InnoDB DEFAULT CHARSET=utf8;

#
# Data for table "emails"
#


#
# Structure for table "repos"
#

DROP TABLE IF EXISTS `repos`;
CREATE TABLE `repos` (
  `Id` int(11) NOT NULL AUTO_INCREMENT,
  `user_name` varchar(25) DEFAULT NULL,
  `repos_name` varchar(255) DEFAULT NULL,
  `repos_url` varchar(255) DEFAULT NULL,
  `size` int(11) DEFAULT NULL,
  `stargazers_count` int(255) DEFAULT NULL,
  `watchers_count` int(11) DEFAULT NULL,
  `forks_count` int(255) DEFAULT NULL,
  `code_metrics_count` varchar(255) DEFAULT NULL,
  `code_style_count` varchar(255) DEFAULT NULL,
  PRIMARY KEY (`Id`)
) ENGINE=InnoDB AUTO_INCREMENT=402 DEFAULT CHARSET=utf8;

#
# Data for table "repos"
#

INSERT INTO `repos` VALUES (1,'nnn',NULL,'https://api.github.com/users/farooqsmasher/repos',NULL,NULL,NULL,NULL,NULL,NULL),(2,'yyyy','[\"1-semester-project-Spring\",\"2-Sem-REST-SPRING-ANGULAR\",\"Algorithm\",\"angular.js\",\"AngularSpringRestJava\",\"beerapp\",\"beerapp_rest\",\"Java-programmes\",\"Mtrukdataset\",\"Projects-Solutions\",\"REST-With-Spring\"]','https://api.github.com/users/farooqsmasher/repos',NULL,NULL,NULL,NULL,NULL,NULL),(3,'qqq','Projects-Solutions','https://api.github.com/users/farooqsmasher/repos',NULL,NULL,NULL,NULL,NULL,NULL),(4,'kkk','Projects-Solutions','https://api.github.com/users/farooqsmasher/repos',NULL,NULL,NULL,NULL,NULL,NULL),(5,'bb','Projects-Solutions','https://api.github.com/users/farooqsmasher/repos',NULL,NULL,NULL,NULL,NULL,NULL),(6,'rrr','Projects-Solutions','https://api.github.com/users/farooqsmasher/repos',NULL,NULL,NULL,NULL,NULL,NULL),(7,'eee','Projects-Solutions','https://api.github.com/users/farooqsmasher/repos',NULL,NULL,NULL,NULL,NULL,NULL),(8,'george','REST-With-Spring','https://api.github.com/users/farooqsmasher/repos',NULL,NULL,NULL,NULL,NULL,NULL),(9,'bbb','1-semester-project-Spring','https://api.github.com/users/farooqsmasher/repos',NULL,NULL,NULL,NULL,NULL,NULL),(10,'bbb','2-Sem-REST-SPRING-ANGULAR','https://api.github.com/users/farooqsmasher/repos',NULL,NULL,NULL,NULL,NULL,NULL),(11,'bbb','Algorithm','https://api.github.com/users/farooqsmasher/repos',NULL,NULL,NULL,NULL,NULL,NULL),(12,'bbb','angular.js','https://api.github.com/users/farooqsmasher/repos',NULL,NULL,NULL,NULL,NULL,NULL),(13,'bbb','AngularSpringRestJava','https://api.github.com/users/farooqsmasher/repos',NULL,NULL,NULL,NULL,NULL,NULL),(14,'bbb','beerapp','https://api.github.com/users/farooqsmasher/repos',NULL,NULL,NULL,NULL,NULL,NULL),(15,'bbb','beerapp_rest','https://api.github.com/users/farooqsmasher/repos',NULL,NULL,NULL,NULL,NULL,NULL),(16,'bbb','Java-programmes','https://api.github.com/users/farooqsmasher/repos',NULL,NULL,NULL,NULL,NULL,NULL),(17,'bbb','Mtrukdataset','https://api.github.com/users/farooqsmasher/repos',NULL,NULL,NULL,NULL,NULL,NULL),(18,'bbb','Projects-Solutions','https://api.github.com/users/farooqsmasher/repos',NULL,NULL,NULL,NULL,NULL,NULL),(19,'bbb','REST-With-Spring','https://api.github.com/users/farooqsmasher/repos',NULL,NULL,NULL,NULL,NULL,NULL),(20,'zzz','1-semester-project-Spring','https://api.github.com/users/iamviqar/repos',NULL,NULL,NULL,NULL,NULL,NULL),(21,'zzz','2-Sem-REST-SPRING-ANGULAR','https://api.github.com/users/iamviqar/repos',NULL,NULL,NULL,NULL,NULL,NULL),(22,'zzz','Algorithm','https://api.github.com/users/iamviqar/repos',NULL,NULL,NULL,NULL,NULL,NULL),(23,'zzz','angular.js','https://api.github.com/users/iamviqar/repos',NULL,NULL,NULL,NULL,NULL,NULL),(24,'zzz','AngularSpringRestJava','https://api.github.com/users/iamviqar/repos',NULL,NULL,NULL,NULL,NULL,NULL),(25,'zzz','beerapp','https://api.github.com/users/iamviqar/repos',NULL,NULL,NULL,NULL,NULL,NULL),(26,'zzz','beerapp_rest','https://api.github.com/users/iamviqar/repos',NULL,NULL,NULL,NULL,NULL,NULL),(27,'zzz','Java-programmes','https://api.github.com/users/iamviqar/repos',NULL,NULL,NULL,NULL,NULL,NULL),(28,'zzz','Mtrukdataset','https://api.github.com/users/iamviqar/repos',NULL,NULL,NULL,NULL,NULL,NULL),(29,'zzz','Projects-Solutions','https://api.github.com/users/iamviqar/repos',NULL,NULL,NULL,NULL,NULL,NULL),(30,'zzz','REST-With-Spring','https://api.github.com/users/iamviqar/repos',NULL,NULL,NULL,NULL,NULL,NULL),(31,'xxx','1-semester-project-Spring','https://api.github.com/users/XX/repos',NULL,NULL,NULL,NULL,NULL,NULL),(32,'xxx','2-Sem-REST-SPRING-ANGULAR','https://api.github.com/users/XX/repos',NULL,NULL,NULL,NULL,NULL,NULL),(33,'xxx','Algorithm','https://api.github.com/users/XX/repos',NULL,NULL,NULL,NULL,NULL,NULL),(34,'xxx','angular.js','https://api.github.com/users/XX/repos',NULL,NULL,NULL,NULL,NULL,NULL),(35,'xxx','AngularSpringRestJava','https://api.github.com/users/XX/repos',NULL,NULL,NULL,NULL,NULL,NULL),(36,'xxx','beerapp','https://api.github.com/users/XX/repos',NULL,NULL,NULL,NULL,NULL,NULL),(37,'xxx','beerapp_rest','https://api.github.com/users/XX/repos',NULL,NULL,NULL,NULL,NULL,NULL),(38,'xxx','Java-programmes','https://api.github.com/users/XX/repos',NULL,NULL,NULL,NULL,NULL,NULL),(39,'xxx','Mtrukdataset','https://api.github.com/users/XX/repos',NULL,NULL,NULL,NULL,NULL,NULL),(40,'xxx','Projects-Solutions','https://api.github.com/users/XX/repos',NULL,NULL,NULL,NULL,NULL,NULL),(41,'xxx','REST-With-Spring','https://api.github.com/users/XX/repos',NULL,NULL,NULL,NULL,NULL,NULL),(42,'npp','1-semester-project-Spring','https://api.github.com/users/farooqsmasher/repos',NULL,NULL,NULL,NULL,NULL,NULL),(43,'npp','2-Sem-REST-SPRING-ANGULAR','https://api.github.com/users/farooqsmasher/repos',NULL,NULL,NULL,NULL,NULL,NULL),(44,'npp','Algorithm','https://api.github.com/users/farooqsmasher/repos',NULL,NULL,NULL,NULL,NULL,NULL),(45,'npp','angular.js','https://api.github.com/users/farooqsmasher/repos',NULL,NULL,NULL,NULL,NULL,NULL),(46,'npp','AngularSpringRestJava','https://api.github.com/users/farooqsmasher/repos',NULL,NULL,NULL,NULL,NULL,NULL),(47,'npp','beerapp','https://api.github.com/users/farooqsmasher/repos',NULL,NULL,NULL,NULL,NULL,NULL),(48,'npp','beerapp_rest','https://api.github.com/users/farooqsmasher/repos',NULL,NULL,NULL,NULL,NULL,NULL),(49,'npp','Java-programmes','https://api.github.com/users/farooqsmasher/repos',NULL,NULL,NULL,NULL,NULL,NULL),(50,'npp','Mtrukdataset','https://api.github.com/users/farooqsmasher/repos',NULL,NULL,NULL,NULL,NULL,NULL),(51,'npp','Projects-Solutions','https://api.github.com/users/farooqsmasher/repos',NULL,NULL,NULL,NULL,NULL,NULL),(52,'npp','REST-With-Spring','https://api.github.com/users/farooqsmasher/repos',NULL,NULL,NULL,NULL,NULL,NULL),(53,'bsm','1-semester-project-Spring','https://api.github.com/users/farooqsmasher/repos',NULL,NULL,NULL,NULL,NULL,NULL),(54,'bsm','2-Sem-REST-SPRING-ANGULAR','https://api.github.com/users/farooqsmasher/repos',NULL,NULL,NULL,NULL,NULL,NULL),(55,'bsm','Algorithm','https://api.github.com/users/farooqsmasher/repos',NULL,NULL,NULL,NULL,NULL,NULL),(56,'bsm','angular.js','https://api.github.com/users/farooqsmasher/repos',NULL,NULL,NULL,NULL,NULL,NULL),(57,'bsm','AngularSpringRestJava','https://api.github.com/users/farooqsmasher/repos',NULL,NULL,NULL,NULL,NULL,NULL),(58,'bsm','beerapp','https://api.github.com/users/farooqsmasher/repos',NULL,NULL,NULL,NULL,NULL,NULL),(59,'bsm','beerapp_rest','https://api.github.com/users/farooqsmasher/repos',NULL,NULL,NULL,NULL,NULL,NULL),(60,'bsm','Java-programmes','https://api.github.com/users/farooqsmasher/repos',NULL,NULL,NULL,NULL,NULL,NULL),(61,'bsm','Mtrukdataset','https://api.github.com/users/farooqsmasher/repos',NULL,NULL,NULL,NULL,NULL,NULL),(62,'bsm','Projects-Solutions','https://api.github.com/users/farooqsmasher/repos',NULL,NULL,NULL,NULL,NULL,NULL),(63,'bsm','REST-With-Spring','https://api.github.com/users/farooqsmasher/repos',NULL,NULL,NULL,NULL,NULL,NULL),(64,'bsmi','1-semester-project-Spring','https://api.github.com/users/farooqsmasher/repos',NULL,NULL,NULL,NULL,NULL,NULL),(65,'bsmi','2-Sem-REST-SPRING-ANGULAR','https://api.github.com/users/farooqsmasher/repos',NULL,NULL,NULL,NULL,NULL,NULL),(66,'bsmi','Algorithm','https://api.github.com/users/farooqsmasher/repos',NULL,NULL,NULL,NULL,NULL,NULL),(67,'bsmi','angular.js','https://api.github.com/users/farooqsmasher/repos',NULL,NULL,NULL,NULL,NULL,NULL),(68,'bsmi','AngularSpringRestJava','https://api.github.com/users/farooqsmasher/repos',NULL,NULL,NULL,NULL,NULL,NULL),(69,'bsmi','beerapp','https://api.github.com/users/farooqsmasher/repos',NULL,NULL,NULL,NULL,NULL,NULL),(70,'bsmi','beerapp_rest','https://api.github.com/users/farooqsmasher/repos',NULL,NULL,NULL,NULL,NULL,NULL),(71,'bsmi','Java-programmes','https://api.github.com/users/farooqsmasher/repos',NULL,NULL,NULL,NULL,NULL,NULL),(72,'bsmi','Mtrukdataset','https://api.github.com/users/farooqsmasher/repos',NULL,NULL,NULL,NULL,NULL,NULL),(73,'bsmi','Projects-Solutions','https://api.github.com/users/farooqsmasher/repos',NULL,NULL,NULL,NULL,NULL,NULL),(74,'bsmi','REST-With-Spring','https://api.github.com/users/farooqsmasher/repos',NULL,NULL,NULL,NULL,NULL,NULL),(75,'bismillah','1-semester-project-Spring','https://api.github.com/users/farooqsmasher/repos',NULL,NULL,NULL,NULL,NULL,NULL),(76,'bismillah','2-Sem-REST-SPRING-ANGULAR','https://api.github.com/users/farooqsmasher/repos',NULL,NULL,NULL,NULL,NULL,NULL),(77,'bismillah','Algorithm','https://api.github.com/users/farooqsmasher/repos',NULL,NULL,NULL,NULL,NULL,NULL),(78,'bismillah','angular.js','https://api.github.com/users/farooqsmasher/repos',NULL,NULL,NULL,NULL,NULL,NULL),(79,'bismillah','AngularSpringRestJava','https://api.github.com/users/farooqsmasher/repos',NULL,NULL,NULL,NULL,NULL,NULL),(80,'bismillah','beerapp','https://api.github.com/users/farooqsmasher/repos',NULL,NULL,NULL,NULL,NULL,NULL),(81,'bismillah','beerapp_rest','https://api.github.com/users/farooqsmasher/repos',NULL,NULL,NULL,NULL,NULL,NULL),(82,'bismillah','Java-programmes','https://api.github.com/users/farooqsmasher/repos',NULL,NULL,NULL,NULL,NULL,NULL),(83,'bismillah','Mtrukdataset','https://api.github.com/users/farooqsmasher/repos',NULL,NULL,NULL,NULL,NULL,NULL),(84,'bismillah','Projects-Solutions','https://api.github.com/users/farooqsmasher/repos',NULL,NULL,NULL,NULL,NULL,NULL),(85,'bismillah','REST-With-Spring','https://api.github.com/users/farooqsmasher/repos',NULL,NULL,NULL,NULL,NULL,NULL),(86,'bismillah1','1-semester-project-Spring','https://api.github.com/users/farooqsmasher/repos',NULL,NULL,NULL,NULL,NULL,NULL),(87,'bismillah1','2-Sem-REST-SPRING-ANGULAR','https://api.github.com/users/farooqsmasher/repos',NULL,NULL,NULL,NULL,NULL,NULL),(88,'bismillah1','Algorithm','https://api.github.com/users/farooqsmasher/repos',NULL,NULL,NULL,NULL,NULL,NULL),(89,'bismillah1','angular.js','https://api.github.com/users/farooqsmasher/repos',NULL,NULL,NULL,NULL,NULL,NULL),(90,'bismillah1','AngularSpringRestJava','https://api.github.com/users/farooqsmasher/repos',NULL,NULL,NULL,NULL,NULL,NULL),(91,'bismillah1','beerapp','https://api.github.com/users/farooqsmasher/repos',NULL,NULL,NULL,NULL,NULL,NULL),(92,'bismillah12','1-semester-project-Spring','https://api.github.com/users/farooqsmasher/repos',NULL,NULL,NULL,NULL,NULL,NULL),(93,'far','1-semester-project-Spring','https://api.github.com/users/farooqsmasher/repos',NULL,NULL,NULL,NULL,NULL,NULL),(94,'far','2-Sem-REST-SPRING-ANGULAR','https://api.github.com/users/farooqsmasher/repos',NULL,NULL,NULL,NULL,NULL,NULL),(95,'far','Algorithm','https://api.github.com/users/farooqsmasher/repos',NULL,NULL,NULL,NULL,NULL,NULL),(96,'far','angular.js','https://api.github.com/users/farooqsmasher/repos',NULL,NULL,NULL,NULL,NULL,NULL),(97,'far','AngularSpringRestJava','https://api.github.com/users/farooqsmasher/repos',NULL,NULL,NULL,NULL,NULL,NULL),(98,'far','beerapp','https://api.github.com/users/farooqsmasher/repos',NULL,NULL,NULL,NULL,NULL,NULL),(99,'far','beerapp_rest','https://api.github.com/users/farooqsmasher/repos',NULL,NULL,NULL,NULL,NULL,NULL),(100,'far','Java-programmes','https://api.github.com/users/farooqsmasher/repos',NULL,NULL,NULL,NULL,NULL,NULL),(101,'far','Mtrukdataset','https://api.github.com/users/farooqsmasher/repos',NULL,NULL,NULL,NULL,NULL,NULL),(102,'far','Projects-Solutions','https://api.github.com/users/farooqsmasher/repos',NULL,NULL,NULL,NULL,NULL,NULL),(103,'far','REST-With-Spring','https://api.github.com/users/farooqsmasher/repos',NULL,NULL,NULL,NULL,NULL,NULL),(104,'Mohammed','1-semester-project-Spring','https://api.github.com/users/farooqsmasher/repos',NULL,NULL,NULL,NULL,NULL,NULL),(105,'Mohammed','2-Sem-REST-SPRING-ANGULAR','https://api.github.com/users/farooqsmasher/repos',NULL,NULL,NULL,NULL,NULL,NULL),(106,'Mohammed','Algorithm','https://api.github.com/users/farooqsmasher/repos',NULL,NULL,NULL,NULL,NULL,NULL),(107,'Mohammed','angular.js','https://api.github.com/users/farooqsmasher/repos',NULL,NULL,NULL,NULL,NULL,NULL),(108,'Mohammed','AngularSpringRestJava','https://api.github.com/users/farooqsmasher/repos',NULL,NULL,NULL,NULL,NULL,NULL),(109,'Mohammed','beerapp','https://api.github.com/users/farooqsmasher/repos',NULL,NULL,NULL,NULL,NULL,NULL),(110,'Mohammed','beerapp_rest','https://api.github.com/users/farooqsmasher/repos',NULL,NULL,NULL,NULL,NULL,NULL),(111,'Mohammed','Java-programmes','https://api.github.com/users/farooqsmasher/repos',NULL,NULL,NULL,NULL,NULL,NULL),(112,'Mohammed','Mtrukdataset','https://api.github.com/users/farooqsmasher/repos',NULL,NULL,NULL,NULL,NULL,NULL),(113,'Mohammed','Projects-Solutions','https://api.github.com/users/farooqsmasher/repos',NULL,NULL,NULL,NULL,NULL,NULL),(114,'Mohammed','REST-With-Spring','https://api.github.com/users/farooqsmasher/repos',NULL,NULL,NULL,NULL,NULL,NULL),(115,'mytest','1-semester-project-Spring','https://api.github.com/users/farooqsmasher/repos',NULL,NULL,NULL,NULL,NULL,NULL),(116,'mytest','2-Sem-REST-SPRING-ANGULAR','https://api.github.com/users/farooqsmasher/repos',NULL,NULL,NULL,NULL,NULL,NULL),(117,'mytest','Algorithm','https://api.github.com/users/farooqsmasher/repos',NULL,NULL,NULL,NULL,NULL,NULL),(118,'mytest','angular.js','https://api.github.com/users/farooqsmasher/repos',NULL,NULL,NULL,NULL,NULL,NULL),(119,'mytest','AngularSpringRestJava','https://api.github.com/users/farooqsmasher/repos',NULL,NULL,NULL,NULL,NULL,NULL),(120,'mytest','beerapp','https://api.github.com/users/farooqsmasher/repos',NULL,NULL,NULL,NULL,NULL,NULL),(121,'mytest','beerapp_rest','https://api.github.com/users/farooqsmasher/repos',NULL,NULL,NULL,NULL,NULL,NULL),(122,'mytest','Java-programmes','https://api.github.com/users/farooqsmasher/repos',NULL,NULL,NULL,NULL,NULL,NULL),(123,'mytest','Mtrukdataset','https://api.github.com/users/farooqsmasher/repos',NULL,NULL,NULL,NULL,NULL,NULL),(124,'mytest','Projects-Solutions','https://api.github.com/users/farooqsmasher/repos',NULL,NULL,NULL,NULL,NULL,NULL),(125,'mytest','REST-With-Spring','https://api.github.com/users/farooqsmasher/repos',NULL,NULL,NULL,NULL,NULL,NULL),(126,'zip','1-semester-project-Spring','https://api.github.com/users/farooqsmasher/repos',NULL,NULL,NULL,NULL,NULL,NULL),(127,'zip','2-Sem-REST-SPRING-ANGULAR','https://api.github.com/users/farooqsmasher/repos',NULL,NULL,NULL,NULL,NULL,NULL),(128,'zip','Algorithm','https://api.github.com/users/farooqsmasher/repos',NULL,NULL,NULL,NULL,NULL,NULL),(129,'zip','angular.js','https://api.github.com/users/farooqsmasher/repos',NULL,NULL,NULL,NULL,NULL,NULL),(130,'zip','AngularSpringRestJava','https://api.github.com/users/farooqsmasher/repos',NULL,NULL,NULL,NULL,NULL,NULL),(131,'zip','beerapp','https://api.github.com/users/farooqsmasher/repos',NULL,NULL,NULL,NULL,NULL,NULL),(132,'zip','beerapp_rest','https://api.github.com/users/farooqsmasher/repos',NULL,NULL,NULL,NULL,NULL,NULL),(133,'zip','Java-programmes','https://api.github.com/users/farooqsmasher/repos',NULL,NULL,NULL,NULL,NULL,NULL),(134,'zip','Mtrukdataset','https://api.github.com/users/farooqsmasher/repos',NULL,NULL,NULL,NULL,NULL,NULL),(135,'zip','Projects-Solutions','https://api.github.com/users/farooqsmasher/repos',NULL,NULL,NULL,NULL,NULL,NULL),(136,'zip','REST-With-Spring','https://api.github.com/users/farooqsmasher/repos',NULL,NULL,NULL,NULL,NULL,NULL),(137,'ziptest','1-semester-project-Spring','https://api.github.com/users/farooqsmasher/repos',NULL,NULL,NULL,NULL,NULL,NULL),(138,'ziptest','2-Sem-REST-SPRING-ANGULAR','https://api.github.com/users/farooqsmasher/repos',NULL,NULL,NULL,NULL,NULL,NULL),(139,'ziptest','Algorithm','https://api.github.com/users/farooqsmasher/repos',NULL,NULL,NULL,NULL,NULL,NULL),(140,'ziptest','angular.js','https://api.github.com/users/farooqsmasher/repos',NULL,NULL,NULL,NULL,NULL,NULL),(141,'ziptest','AngularSpringRestJava','https://api.github.com/users/farooqsmasher/repos',NULL,NULL,NULL,NULL,NULL,NULL),(142,'ziptest','beerapp','https://api.github.com/users/farooqsmasher/repos',NULL,NULL,NULL,NULL,NULL,NULL),(143,'ziptest','beerapp_rest','https://api.github.com/users/farooqsmasher/repos',NULL,NULL,NULL,NULL,NULL,NULL),(144,'ziptest','Java-programmes','https://api.github.com/users/farooqsmasher/repos',NULL,NULL,NULL,NULL,NULL,NULL),(145,'ziptest','Mtrukdataset','https://api.github.com/users/farooqsmasher/repos',NULL,NULL,NULL,NULL,NULL,NULL),(146,'ziptest','Projects-Solutions','https://api.github.com/users/farooqsmasher/repos',NULL,NULL,NULL,NULL,NULL,NULL),(147,'ziptest','REST-With-Spring','https://api.github.com/users/farooqsmasher/repos',NULL,NULL,NULL,NULL,NULL,NULL),(148,'tezip','1-semester-project-Spring','https://api.github.com/users/farooqsmasher/repos',NULL,NULL,NULL,NULL,NULL,NULL),(149,'tezip','2-Sem-REST-SPRING-ANGULAR','https://api.github.com/users/farooqsmasher/repos',NULL,NULL,NULL,NULL,NULL,NULL),(150,'tezip','Algorithm','https://api.github.com/users/farooqsmasher/repos',NULL,NULL,NULL,NULL,NULL,NULL),(151,'tezip','angular.js','https://api.github.com/users/farooqsmasher/repos',NULL,NULL,NULL,NULL,NULL,NULL),(152,'tezip','AngularSpringRestJava','https://api.github.com/users/farooqsmasher/repos',NULL,NULL,NULL,NULL,NULL,NULL),(153,'tezip','beerapp','https://api.github.com/users/farooqsmasher/repos',NULL,NULL,NULL,NULL,NULL,NULL),(154,'tezip','beerapp_rest','https://api.github.com/users/farooqsmasher/repos',NULL,NULL,NULL,NULL,NULL,NULL),(155,'tezip','Java-programmes','https://api.github.com/users/farooqsmasher/repos',NULL,NULL,NULL,NULL,NULL,NULL),(156,'tezip','Mtrukdataset','https://api.github.com/users/farooqsmasher/repos',NULL,NULL,NULL,NULL,NULL,NULL),(157,'tezip','Projects-Solutions','https://api.github.com/users/farooqsmasher/repos',NULL,NULL,NULL,NULL,NULL,NULL),(158,'tezip','REST-With-Spring','https://api.github.com/users/farooqsmasher/repos',NULL,NULL,NULL,NULL,NULL,NULL),(159,'Mohammedfa','1-semester-project-Spring','https://api.github.com/users/farooqsmasher/repos',NULL,NULL,NULL,NULL,NULL,NULL),(160,'Mohammedfa','2-Sem-REST-SPRING-ANGULAR','https://api.github.com/users/farooqsmasher/repos',NULL,NULL,NULL,NULL,NULL,NULL),(161,'Mohammedfa','Algorithm','https://api.github.com/users/farooqsmasher/repos',NULL,NULL,NULL,NULL,NULL,NULL),(162,'Mohammedfa','angular.js','https://api.github.com/users/farooqsmasher/repos',NULL,NULL,NULL,NULL,NULL,NULL),(163,'Mohammedfa','AngularSpringRestJava','https://api.github.com/users/farooqsmasher/repos',NULL,NULL,NULL,NULL,NULL,NULL),(164,'Mohammedfa','beerapp','https://api.github.com/users/farooqsmasher/repos',NULL,NULL,NULL,NULL,NULL,NULL),(165,'Mohammedfa','beerapp_rest','https://api.github.com/users/farooqsmasher/repos',NULL,NULL,NULL,NULL,NULL,NULL),(166,'Mohammedfa','Java-programmes','https://api.github.com/users/farooqsmasher/repos',NULL,NULL,NULL,NULL,NULL,NULL),(167,'Mohammedfa','Mtrukdataset','https://api.github.com/users/farooqsmasher/repos',NULL,NULL,NULL,NULL,NULL,NULL),(168,'Mohammedfa','Projects-Solutions','https://api.github.com/users/farooqsmasher/repos',NULL,NULL,NULL,NULL,NULL,NULL),(169,'Mohammedfa','REST-With-Spring','https://api.github.com/users/farooqsmasher/repos',NULL,NULL,NULL,NULL,NULL,NULL),(170,'iamviqar','1-semester-project-Spring','https://api.github.com/users/iamviqar/repos',NULL,NULL,NULL,NULL,NULL,NULL),(171,'iamviqar','2-Sem-REST-SPRING-ANGULAR','https://api.github.com/users/iamviqar/repos',NULL,NULL,NULL,NULL,NULL,NULL),(172,'iamviqar','Algorithm','https://api.github.com/users/iamviqar/repos',NULL,NULL,NULL,NULL,NULL,NULL),(173,'iamviqar','angular.js','https://api.github.com/users/iamviqar/repos',NULL,NULL,NULL,NULL,NULL,NULL),(174,'iamviqar','AngularSpringRestJava','https://api.github.com/users/iamviqar/repos',NULL,NULL,NULL,NULL,NULL,NULL),(175,'iamviqar','beerapp','https://api.github.com/users/iamviqar/repos',NULL,NULL,NULL,NULL,NULL,NULL),(176,'iamviqar','beerapp_rest','https://api.github.com/users/iamviqar/repos',NULL,NULL,NULL,NULL,NULL,NULL),(177,'iamviqar','Java-programmes','https://api.github.com/users/iamviqar/repos',NULL,NULL,NULL,NULL,NULL,NULL),(178,'iamviqar','Mtrukdataset','https://api.github.com/users/iamviqar/repos',NULL,NULL,NULL,NULL,NULL,NULL),(179,'iamviqar','Projects-Solutions','https://api.github.com/users/iamviqar/repos',NULL,NULL,NULL,NULL,NULL,NULL),(180,'iamviqar','REST-With-Spring','https://api.github.com/users/iamviqar/repos',NULL,NULL,NULL,NULL,NULL,NULL),(181,'mfar','1-semester-project-Spring','https://api.github.com/users/farooqsmasher/repos',NULL,NULL,NULL,NULL,NULL,NULL),(182,'mfar','2-Sem-REST-SPRING-ANGULAR','https://api.github.com/users/farooqsmasher/repos',NULL,NULL,NULL,NULL,NULL,NULL),(183,'mfar','Algorithm','https://api.github.com/users/farooqsmasher/repos',NULL,NULL,NULL,NULL,NULL,NULL),(184,'mfar','angular.js','https://api.github.com/users/farooqsmasher/repos',NULL,NULL,NULL,NULL,NULL,NULL),(185,'mfar','AngularSpringRestJava','https://api.github.com/users/farooqsmasher/repos',NULL,NULL,NULL,NULL,NULL,NULL),(186,'mfar','beerapp','https://api.github.com/users/farooqsmasher/repos',NULL,NULL,NULL,NULL,NULL,NULL),(187,'mfar','beerapp_rest','https://api.github.com/users/farooqsmasher/repos',NULL,NULL,NULL,NULL,NULL,NULL),(188,'mfar','Java-programmes','https://api.github.com/users/farooqsmasher/repos',NULL,NULL,NULL,NULL,NULL,NULL),(189,'mfar','Mtrukdataset','https://api.github.com/users/farooqsmasher/repos',NULL,NULL,NULL,NULL,NULL,NULL),(190,'mfar','Projects-Solutions','https://api.github.com/users/farooqsmasher/repos',NULL,NULL,NULL,NULL,NULL,NULL),(191,'mfar','REST-With-Spring','https://api.github.com/users/farooqsmasher/repos',NULL,NULL,NULL,NULL,NULL,NULL),(192,'testqqq','1-semester-project-Spring','https://api.github.com/users/farooqsmasher/repos',NULL,NULL,NULL,NULL,NULL,NULL),(193,'testqqq','2-Sem-REST-SPRING-ANGULAR','https://api.github.com/users/farooqsmasher/repos',NULL,NULL,NULL,NULL,NULL,NULL),(194,'testqqq','Algorithm','https://api.github.com/users/farooqsmasher/repos',NULL,NULL,NULL,NULL,NULL,NULL),(195,'testqqq','angular.js','https://api.github.com/users/farooqsmasher/repos',NULL,NULL,NULL,NULL,NULL,NULL),(196,'testqqq','AngularSpringRestJava','https://api.github.com/users/farooqsmasher/repos',NULL,NULL,NULL,NULL,NULL,NULL),(197,'testqqq','beerapp','https://api.github.com/users/farooqsmasher/repos',NULL,NULL,NULL,NULL,NULL,NULL),(198,'testqqq','beerapp_rest','https://api.github.com/users/farooqsmasher/repos',NULL,NULL,NULL,NULL,NULL,NULL),(199,'testqqq','Java-programmes','https://api.github.com/users/farooqsmasher/repos',NULL,NULL,NULL,NULL,NULL,NULL),(200,'testqqq','Mtrukdataset','https://api.github.com/users/farooqsmasher/repos',NULL,NULL,NULL,NULL,NULL,NULL),(201,'testqqq','Projects-Solutions','https://api.github.com/users/farooqsmasher/repos',NULL,NULL,NULL,NULL,NULL,NULL),(202,'testqqq','REST-With-Spring','https://api.github.com/users/farooqsmasher/repos',NULL,NULL,NULL,NULL,NULL,NULL),(203,'akshaytak','1-semester-project-Spring','https://api.github.com/users/akki777/repos',NULL,NULL,NULL,NULL,NULL,NULL),(204,'akshaytak','2-Sem-REST-SPRING-ANGULAR','https://api.github.com/users/akki777/repos',NULL,NULL,NULL,NULL,NULL,NULL),(205,'akshaytak','Algorithm','https://api.github.com/users/akki777/repos',NULL,NULL,NULL,NULL,NULL,NULL),(206,'akshaytak','angular.js','https://api.github.com/users/akki777/repos',NULL,NULL,NULL,NULL,NULL,NULL),(207,'akshaytak','AngularSpringRestJava','https://api.github.com/users/akki777/repos',NULL,NULL,NULL,NULL,NULL,NULL),(208,'akshaytak','beerapp','https://api.github.com/users/akki777/repos',NULL,NULL,NULL,NULL,NULL,NULL),(209,'akshaytak','beerapp_rest','https://api.github.com/users/akki777/repos',NULL,NULL,NULL,NULL,NULL,NULL),(210,'akshaytak','Java-programmes','https://api.github.com/users/akki777/repos',NULL,NULL,NULL,NULL,NULL,NULL),(211,'akshaytak','Mtrukdataset','https://api.github.com/users/akki777/repos',NULL,NULL,NULL,NULL,NULL,NULL),(212,'akshaytak','Projects-Solutions','https://api.github.com/users/akki777/repos',NULL,NULL,NULL,NULL,NULL,NULL),(213,'akshaytak','REST-With-Spring','https://api.github.com/users/akki777/repos',NULL,NULL,NULL,NULL,NULL,NULL),(214,'grhhr','1-semester-project-Spring','https://api.github.com/users/farooqsmasher/repos',NULL,NULL,NULL,NULL,NULL,NULL),(215,'ttesttt','1-semester-project-Spring','https://api.github.com/users/farooqsmasher/repos',NULL,NULL,NULL,NULL,NULL,NULL),(216,'ttesttt','2-Sem-REST-SPRING-ANGULAR','https://api.github.com/users/farooqsmasher/repos',NULL,NULL,NULL,NULL,NULL,NULL),(217,'ttesttt','Algorithm','https://api.github.com/users/farooqsmasher/repos',NULL,NULL,NULL,NULL,NULL,NULL),(218,'ttesttt','angular.js','https://api.github.com/users/farooqsmasher/repos',NULL,NULL,NULL,NULL,NULL,NULL),(219,'ttesttt','AngularSpringRestJava','https://api.github.com/users/farooqsmasher/repos',NULL,NULL,NULL,NULL,NULL,NULL),(220,'ttesttt','beerapp','https://api.github.com/users/farooqsmasher/repos',NULL,NULL,NULL,NULL,NULL,NULL),(221,'ttesttt','beerapp_rest','https://api.github.com/users/farooqsmasher/repos',NULL,NULL,NULL,NULL,NULL,NULL),(222,'ttesttt','Java-programmes','https://api.github.com/users/farooqsmasher/repos',NULL,NULL,NULL,NULL,NULL,NULL),(223,'ttesttt','Mtrukdataset','https://api.github.com/users/farooqsmasher/repos',NULL,NULL,NULL,NULL,NULL,NULL),(224,'ttesttt','Projects-Solutions','https://api.github.com/users/farooqsmasher/repos',NULL,NULL,NULL,NULL,NULL,NULL),(225,'ttesttt','REST-With-Spring','https://api.github.com/users/farooqsmasher/repos',NULL,NULL,NULL,NULL,NULL,NULL),(226,'riyaz','1-semester-project-Spring','https://api.github.com/users/farooqsmasher/repos',NULL,NULL,NULL,NULL,NULL,NULL),(227,'riyaz','2-Sem-REST-SPRING-ANGULAR','https://api.github.com/users/farooqsmasher/repos',NULL,NULL,NULL,NULL,NULL,NULL),(228,'riyaz','Algorithm','https://api.github.com/users/farooqsmasher/repos',NULL,NULL,NULL,NULL,NULL,NULL),(229,'riyaz','angular.js','https://api.github.com/users/farooqsmasher/repos',NULL,NULL,NULL,NULL,NULL,NULL),(230,'riyaz','AngularSpringRestJava','https://api.github.com/users/farooqsmasher/repos',NULL,NULL,NULL,NULL,NULL,NULL),(231,'riyaz','beerapp','https://api.github.com/users/farooqsmasher/repos',NULL,NULL,NULL,NULL,NULL,NULL),(232,'riyaz','beerapp_rest','https://api.github.com/users/farooqsmasher/repos',NULL,NULL,NULL,NULL,NULL,NULL),(233,'riyaz','Java-programmes','https://api.github.com/users/farooqsmasher/repos',NULL,NULL,NULL,NULL,NULL,NULL),(234,'riyaz','Mtrukdataset','https://api.github.com/users/farooqsmasher/repos',NULL,NULL,NULL,NULL,NULL,NULL),(235,'riyaz','Projects-Solutions','https://api.github.com/users/farooqsmasher/repos',NULL,NULL,NULL,NULL,NULL,NULL),(236,'riyaz','REST-With-Spring','https://api.github.com/users/farooqsmasher/repos',NULL,NULL,NULL,NULL,NULL,NULL),(237,'salman','1-semester-project-Spring','https://api.github.com/users/farooqsmasher/repos',NULL,NULL,NULL,NULL,NULL,NULL),(238,'salman','2-Sem-REST-SPRING-ANGULAR','https://api.github.com/users/farooqsmasher/repos',NULL,NULL,NULL,NULL,NULL,NULL),(239,'salman','Algorithm','https://api.github.com/users/farooqsmasher/repos',NULL,NULL,NULL,NULL,NULL,NULL),(240,'salman','angular.js','https://api.github.com/users/farooqsmasher/repos',NULL,NULL,NULL,NULL,NULL,NULL),(241,'salman','AngularSpringRestJava','https://api.github.com/users/farooqsmasher/repos',NULL,NULL,NULL,NULL,NULL,NULL),(242,'salman','beerapp','https://api.github.com/users/farooqsmasher/repos',NULL,NULL,NULL,NULL,NULL,NULL),(243,'salman','beerapp_rest','https://api.github.com/users/farooqsmasher/repos',NULL,NULL,NULL,NULL,NULL,NULL),(244,'salman','Java-programmes','https://api.github.com/users/farooqsmasher/repos',NULL,NULL,NULL,NULL,NULL,NULL),(245,'salman','Mtrukdataset','https://api.github.com/users/farooqsmasher/repos',NULL,NULL,NULL,NULL,NULL,NULL),(246,'salman','Projects-Solutions','https://api.github.com/users/farooqsmasher/repos',NULL,NULL,NULL,NULL,NULL,NULL),(247,'salman','REST-With-Spring','https://api.github.com/users/farooqsmasher/repos',NULL,NULL,NULL,NULL,NULL,NULL),(248,'mywork','1-semester-project-Spring','https://api.github.com/users/farooqsmasher/repos',33566,0,0,0,NULL,NULL),(249,'vikku','1-semester-project-Spring','https://api.github.com/users/farooqsmasher/repos',33566,0,0,0,NULL,NULL),(250,'viqkaa','1-semester-project-Spring','https://api.github.com/users/farooqsmasher/repos',33566,0,0,0,NULL,NULL),(251,'mytestt1','1-semester-project-Spring','https://api.github.com/users/farooqsmasher/repos',33566,0,0,0,NULL,NULL),(252,'myyteee','1-semester-project-Spring','https://api.github.com/users/farooqsmasher/repos',33566,0,0,0,NULL,NULL),(253,'treet','1-semester-project-Spring','https://api.github.com/users/farooqsmasher/repos',33566,0,0,0,NULL,NULL),(254,'treet','2-Sem-REST-SPRING-ANGULAR','https://api.github.com/users/farooqsmasher/repos',2670,0,0,0,NULL,NULL),(255,'treet','Algorithm','https://api.github.com/users/farooqsmasher/repos',9,0,0,0,NULL,NULL),(256,'treet','angular.js','https://api.github.com/users/farooqsmasher/repos',188790,0,0,0,NULL,NULL),(257,'hjhss','1-semester-project-Spring','https://api.github.com/users/farooqsmasher/repos',33566,0,0,0,NULL,NULL),(258,'hjhss','2-Sem-REST-SPRING-ANGULAR','https://api.github.com/users/farooqsmasher/repos',2670,0,0,0,NULL,NULL),(259,'hjhss','Algorithm','https://api.github.com/users/farooqsmasher/repos',9,0,0,0,NULL,NULL),(260,'hjhss','angular.js','https://api.github.com/users/farooqsmasher/repos',188790,0,0,0,NULL,NULL),(261,'mysqtdd','1-semester-project-Spring','https://api.github.com/users/farooqsmasher/repos',33566,0,0,0,NULL,NULL),(262,'oppee','1-semester-project-Spring','https://api.github.com/users/farooqsmasher/repos',33566,0,0,0,NULL,NULL),(263,'oppee','2-Sem-REST-SPRING-ANGULAR','https://api.github.com/users/farooqsmasher/repos',2670,0,0,0,NULL,NULL),(264,'oppee','Algorithm','https://api.github.com/users/farooqsmasher/repos',9,0,0,0,NULL,NULL),(265,'oppee','angular.js','https://api.github.com/users/farooqsmasher/repos',188790,0,0,0,NULL,NULL),(266,'foos','1-semester-project-Spring','https://api.github.com/users/farooqsmasher/repos',33566,0,0,0,NULL,NULL),(267,'foos','2-Sem-REST-SPRING-ANGULAR','https://api.github.com/users/farooqsmasher/repos',2670,0,0,0,NULL,NULL),(268,'foos','Algorithm','https://api.github.com/users/farooqsmasher/repos',9,0,0,0,NULL,NULL),(269,'fffkin','1-semester-project-Spring','https://api.github.com/users/farooqsmasher/repos',33566,0,0,0,NULL,NULL),(270,'fffkin','2-Sem-REST-SPRING-ANGULAR','https://api.github.com/users/farooqsmasher/repos',2670,0,0,0,NULL,NULL),(271,'fffkin','Algorithm','https://api.github.com/users/farooqsmasher/repos',9,0,0,0,NULL,NULL),(272,'fffkin','angular.js','https://api.github.com/users/farooqsmasher/repos',188790,0,0,0,NULL,NULL),(273,'fffkin','AngularSpringRestJava','https://api.github.com/users/farooqsmasher/repos',107,0,0,0,NULL,NULL),(274,'fffkin','beerapp','https://api.github.com/users/farooqsmasher/repos',23840,0,0,0,NULL,NULL),(275,'fffkin','beerapp_rest','https://api.github.com/users/farooqsmasher/repos',125,0,0,0,NULL,NULL),(276,'fffkin','Java-programmes','https://api.github.com/users/farooqsmasher/repos',4,0,0,0,NULL,NULL),(277,'fffkin','Mtrukdataset','https://api.github.com/users/farooqsmasher/repos',0,0,0,0,NULL,NULL),(278,'finllaa','1-semester-project-Spring','https://api.github.com/users/farooqsmasher/repos',33566,0,0,0,NULL,NULL),(279,'finllaa','2-Sem-REST-SPRING-ANGULAR','https://api.github.com/users/farooqsmasher/repos',2670,0,0,0,NULL,NULL),(280,'finllaa','Algorithm','https://api.github.com/users/farooqsmasher/repos',9,0,0,0,NULL,NULL),(281,'finllaa','angular.js','https://api.github.com/users/farooqsmasher/repos',188790,0,0,0,NULL,NULL),(282,'finllaa','AngularSpringRestJava','https://api.github.com/users/farooqsmasher/repos',107,0,0,0,NULL,NULL),(283,'finllaa','beerapp','https://api.github.com/users/farooqsmasher/repos',23840,0,0,0,NULL,NULL),(284,'finllaa','beerapp_rest','https://api.github.com/users/farooqsmasher/repos',125,0,0,0,NULL,NULL),(285,'finllaa','Java-programmes','https://api.github.com/users/farooqsmasher/repos',4,0,0,0,NULL,NULL),(286,'finllaa','Mtrukdataset','https://api.github.com/users/farooqsmasher/repos',0,0,0,0,NULL,NULL),(287,'debug','1-semester-project-Spring','https://api.github.com/users/farooqsmasher/repos',33566,0,0,0,NULL,NULL),(288,'debug','2-Sem-REST-SPRING-ANGULAR','https://api.github.com/users/farooqsmasher/repos',2670,0,0,0,NULL,NULL),(289,'debug','Algorithm','https://api.github.com/users/farooqsmasher/repos',9,0,0,0,NULL,NULL),(290,'debug','angular.js','https://api.github.com/users/farooqsmasher/repos',188790,0,0,0,NULL,NULL),(291,'debug','AngularSpringRestJava','https://api.github.com/users/farooqsmasher/repos',107,0,0,0,NULL,NULL),(292,'debug','beerapp','https://api.github.com/users/farooqsmasher/repos',23840,0,0,0,NULL,NULL),(293,'debug','beerapp_rest','https://api.github.com/users/farooqsmasher/repos',125,0,0,0,NULL,NULL),(294,'debug','Java-programmes','https://api.github.com/users/farooqsmasher/repos',4,0,0,0,NULL,NULL),(295,'debug','Mtrukdataset','https://api.github.com/users/farooqsmasher/repos',0,0,0,0,NULL,NULL),(296,'debig21','1-semester-project-Spring','https://api.github.com/users/farooqsmasher/repos',33566,0,0,0,NULL,NULL),(297,'debig21','2-Sem-REST-SPRING-ANGULAR','https://api.github.com/users/farooqsmasher/repos',2670,0,0,0,NULL,NULL),(298,'debig21','Algorithm','https://api.github.com/users/farooqsmasher/repos',9,0,0,0,NULL,NULL),(299,'debig21','angular.js','https://api.github.com/users/farooqsmasher/repos',188790,0,0,0,NULL,NULL),(300,'debig21','AngularSpringRestJava','https://api.github.com/users/farooqsmasher/repos',107,0,0,0,NULL,NULL),(301,'debig21','beerapp','https://api.github.com/users/farooqsmasher/repos',23840,0,0,0,NULL,NULL),(302,'debig21','beerapp_rest','https://api.github.com/users/farooqsmasher/repos',125,0,0,0,NULL,NULL),(303,'debig21','Java-programmes','https://api.github.com/users/farooqsmasher/repos',4,0,0,0,NULL,NULL),(304,'debig21','Projects-Solutions','https://api.github.com/users/farooqsmasher/repos',2470,0,0,0,NULL,NULL),(305,'debig21','REST-With-Spring','https://api.github.com/users/farooqsmasher/repos',3501,0,0,0,NULL,NULL),(306,'metriccheck','1-semester-project-Spring','https://api.github.com/users/farooqsmasher/repos',33566,0,0,0,NULL,NULL),(307,'myfinaltt','1-semester-project-Spring','https://api.github.com/users/farooqsmasher/repos',33566,0,0,0,NULL,NULL),(308,'wiht','1-semester-project-Spring','https://api.github.com/users/farooqsmasher/repos',33566,0,0,0,NULL,NULL),(309,'mohaa','1-semester-project-Spring','https://api.github.com/users/farooqsmasher/repos',33566,0,0,0,NULL,NULL),(310,'fintett','1-semester-project-Spring','https://api.github.com/users/farooqsmasher/repos',33566,0,0,0,NULL,NULL),(311,'checkq','1-semester-project-Spring','https://api.github.com/users/farooqsmasher/repos',33566,0,0,0,NULL,NULL),(312,'checkq','2-Sem-REST-SPRING-ANGULAR','https://api.github.com/users/farooqsmasher/repos',2670,0,0,0,NULL,NULL),(313,'checkq','Algorithm','https://api.github.com/users/farooqsmasher/repos',9,0,0,0,NULL,NULL),(314,'checkq','angular.js','https://api.github.com/users/farooqsmasher/repos',188790,0,0,0,NULL,NULL),(315,'checkq','AngularSpringRestJava','https://api.github.com/users/farooqsmasher/repos',107,0,0,0,NULL,NULL),(316,'checkq','beerapp','https://api.github.com/users/farooqsmasher/repos',23840,0,0,0,NULL,NULL),(317,'checkq','beerapp_rest','https://api.github.com/users/farooqsmasher/repos',125,0,0,0,NULL,NULL),(318,'checkq','Java-programmes','https://api.github.com/users/farooqsmasher/repos',4,0,0,0,NULL,NULL),(319,'checkq','Projects-Solutions','https://api.github.com/users/farooqsmasher/repos',2470,0,0,0,NULL,NULL),(320,'checkq','REST-With-Spring','https://api.github.com/users/farooqsmasher/repos',3501,0,0,0,NULL,NULL),(321,'finaltte','1-semester-project-Spring','https://api.github.com/users/farooqsmasher/repos',33566,0,0,0,NULL,'0'),(322,'finaltte','2-Sem-REST-SPRING-ANGULAR','https://api.github.com/users/farooqsmasher/repos',2670,0,0,0,NULL,'0'),(323,'finaltte','Algorithm','https://api.github.com/users/farooqsmasher/repos',9,0,0,0,NULL,'0'),(324,'finaltte','angular.js','https://api.github.com/users/farooqsmasher/repos',188790,0,0,0,NULL,'0'),(325,'finaltte','AngularSpringRestJava','https://api.github.com/users/farooqsmasher/repos',107,0,0,0,NULL,'0'),(326,'finaltte','beerapp','https://api.github.com/users/farooqsmasher/repos',23840,0,0,0,NULL,'0'),(327,'finaltte','beerapp_rest','https://api.github.com/users/farooqsmasher/repos',125,0,0,0,NULL,'0'),(328,'finaltte','Java-programmes','https://api.github.com/users/farooqsmasher/repos',4,0,0,0,NULL,'0'),(329,'finaltte','Projects-Solutions','https://api.github.com/users/farooqsmasher/repos',2470,0,0,0,NULL,'0'),(330,'finaltte','REST-With-Spring','https://api.github.com/users/farooqsmasher/repos',3501,0,0,0,NULL,'0'),(331,'plkk','1-semester-project-Spring','https://api.github.com/users/farooqsmasher/repos',33566,0,0,0,NULL,'0'),(332,'plkk','2-Sem-REST-SPRING-ANGULAR','https://api.github.com/users/farooqsmasher/repos',2670,0,0,0,NULL,'0'),(333,'plkk','Algorithm','https://api.github.com/users/farooqsmasher/repos',9,0,0,0,NULL,'0'),(334,'plkk','angular.js','https://api.github.com/users/farooqsmasher/repos',188790,0,0,0,NULL,'0'),(335,'plkk','AngularSpringRestJava','https://api.github.com/users/farooqsmasher/repos',107,0,0,0,NULL,'0'),(336,'plkk','beerapp','https://api.github.com/users/farooqsmasher/repos',23840,0,0,0,NULL,'0'),(337,'plkk','beerapp_rest','https://api.github.com/users/farooqsmasher/repos',125,0,0,0,NULL,'0'),(338,'plkk','Java-programmes','https://api.github.com/users/farooqsmasher/repos',4,0,0,0,NULL,'0'),(339,'plkk','Projects-Solutions','https://api.github.com/users/farooqsmasher/repos',2470,0,0,0,NULL,'0'),(340,'plkk','REST-With-Spring','https://api.github.com/users/farooqsmasher/repos',3501,0,0,0,NULL,'0'),(341,'baksh','1-semester-project-Spring','https://api.github.com/users/farooqsmasher/repos',33566,0,0,0,NULL,'90'),(342,'baksh','2-Sem-REST-SPRING-ANGULAR','https://api.github.com/users/farooqsmasher/repos',2670,0,0,0,NULL,'153'),(343,'baksh','Algorithm','https://api.github.com/users/farooqsmasher/repos',9,0,0,0,NULL,'802'),(344,'baksh','angular.js','https://api.github.com/users/farooqsmasher/repos',188790,0,0,0,NULL,'802'),(345,'baksh','AngularSpringRestJava','https://api.github.com/users/farooqsmasher/repos',107,0,0,0,NULL,'1118'),(346,'baksh','beerapp','https://api.github.com/users/farooqsmasher/repos',23840,0,0,0,NULL,'1118'),(347,'baksh','beerapp_rest','https://api.github.com/users/farooqsmasher/repos',125,0,0,0,NULL,'1868'),(348,'baksh','Java-programmes','https://api.github.com/users/farooqsmasher/repos',4,0,0,0,NULL,'2223'),(349,'baksh','Projects-Solutions','https://api.github.com/users/farooqsmasher/repos',2470,0,0,0,NULL,'2223'),(350,'baksh','REST-With-Spring','https://api.github.com/users/farooqsmasher/repos',3501,0,0,0,NULL,'3725'),(351,'kjuuj','1-semester-project-Spring','https://api.github.com/users/farooqsmasher/repos',33566,0,0,0,NULL,'3815'),(352,'kjuuj','2-Sem-REST-SPRING-ANGULAR','https://api.github.com/users/farooqsmasher/repos',2670,0,0,0,NULL,'3878'),(353,'kjuuj','Algorithm','https://api.github.com/users/farooqsmasher/repos',9,0,0,0,NULL,'4527'),(354,'kjuuj','angular.js','https://api.github.com/users/farooqsmasher/repos',188790,0,0,0,NULL,'4527'),(355,'kjuuj','AngularSpringRestJava','https://api.github.com/users/farooqsmasher/repos',107,0,0,0,NULL,'4843'),(356,'kjuuj','beerapp','https://api.github.com/users/farooqsmasher/repos',23840,0,0,0,NULL,'4843'),(357,'kjuuj','beerapp_rest','https://api.github.com/users/farooqsmasher/repos',125,0,0,0,NULL,'5593'),(358,'kjuuj','Java-programmes','https://api.github.com/users/farooqsmasher/repos',4,0,0,0,NULL,'5948'),(359,'kjuuj','Projects-Solutions','https://api.github.com/users/farooqsmasher/repos',2470,0,0,0,NULL,'5948'),(360,'kjuuj','REST-With-Spring','https://api.github.com/users/farooqsmasher/repos',3501,0,0,0,NULL,'7450'),(361,'anki','1-semester-project-Spring','https://api.github.com/users/farooqsmasher/repos',33566,0,0,0,NULL,'90'),(362,'anki','2-Sem-REST-SPRING-ANGULAR','https://api.github.com/users/farooqsmasher/repos',2670,0,0,0,NULL,'153'),(363,'anki','Algorithm','https://api.github.com/users/farooqsmasher/repos',9,0,0,0,NULL,'802'),(364,'anki','angular.js','https://api.github.com/users/farooqsmasher/repos',188790,0,0,0,NULL,'802'),(365,'anki','AngularSpringRestJava','https://api.github.com/users/farooqsmasher/repos',107,0,0,0,NULL,'1118'),(366,'anki','beerapp','https://api.github.com/users/farooqsmasher/repos',23840,0,0,0,NULL,'1118'),(367,'anki','beerapp_rest','https://api.github.com/users/farooqsmasher/repos',125,0,0,0,NULL,'1868'),(368,'anki','Java-programmes','https://api.github.com/users/farooqsmasher/repos',4,0,0,0,NULL,'2223'),(369,'anki','Projects-Solutions','https://api.github.com/users/farooqsmasher/repos',2470,0,0,0,NULL,'2223'),(370,'anki','REST-With-Spring','https://api.github.com/users/farooqsmasher/repos',3501,0,0,0,NULL,'3725'),(371,'approv','1-semester-project-Spring','https://api.github.com/users/farooqsmasher/repos',33566,0,0,0,NULL,'3815'),(372,'approv','2-Sem-REST-SPRING-ANGULAR','https://api.github.com/users/farooqsmasher/repos',2670,0,0,0,NULL,'3878'),(373,'approv','Algorithm','https://api.github.com/users/farooqsmasher/repos',9,0,0,0,NULL,'4527'),(374,'approv','angular.js','https://api.github.com/users/farooqsmasher/repos',188790,0,0,0,NULL,'4527'),(375,'approv','AngularSpringRestJava','https://api.github.com/users/farooqsmasher/repos',107,0,0,0,NULL,'4843'),(376,'approv','beerapp','https://api.github.com/users/farooqsmasher/repos',23840,0,0,0,NULL,'4843'),(377,'approv','beerapp_rest','https://api.github.com/users/farooqsmasher/repos',125,0,0,0,NULL,'5593'),(378,'approv','Java-programmes','https://api.github.com/users/farooqsmasher/repos',4,0,0,0,NULL,'5948'),(379,'approv','Projects-Solutions','https://api.github.com/users/farooqsmasher/repos',2470,0,0,0,NULL,'5948'),(380,'approv','REST-With-Spring','https://api.github.com/users/farooqsmasher/repos',3501,0,0,0,NULL,'7450'),(381,'adrinnnn','1-semester-project-Spring','https://api.github.com/users/farooqsmasher/repos',33566,0,0,0,NULL,'0'),(382,'tokkokk','1-semester-project-Spring','https://api.github.com/users/farooqsmasher/repos',33566,0,0,0,NULL,'0'),(383,'okshnns','1-semester-project-Spring','https://api.github.com/users/farooqsmasher/repos',33566,0,0,0,NULL,'0'),(384,'okjhsmnssw','captaindebug','https://api.github.com/users/farooqsmasher/repos',4772,0,0,0,NULL,'2901'),(385,'okjhsmnssw','springmvc','https://api.github.com/users/farooqsmasher/repos',3,0,0,0,NULL,'2901'),(386,'okjhsmnssw','webteam_rest','https://api.github.com/users/farooqsmasher/repos',79,0,0,0,NULL,'3315'),(387,'aopsjnnms','angular2-experiments','https://api.github.com/users/farooqsmasher/repos',62,5,5,2,NULL,'0'),(388,'aopsjnnms','asciidoctor-maven-examples','https://api.github.com/users/farooqsmasher/repos',547,0,0,0,NULL,'0'),(389,'aopsjnnms','cas-webapp-sextant','https://api.github.com/users/farooqsmasher/repos',440,0,0,0,NULL,'73'),(390,'aopsjnnms','comet-gallery','https://api.github.com/users/farooqsmasher/repos',120,1,1,0,NULL,'73'),(391,'aopsjnnms','core-geonetwork','https://api.github.com/users/farooqsmasher/repos',249624,1,1,0,NULL,'0'),(392,'ojdjjj','angular2-experiments','https://api.github.com/users/farooqsmasher/repos',62,5,5,2,NULL,'73'),(393,'ojdjjj','asciidoctor-maven-examples','https://api.github.com/users/farooqsmasher/repos',547,0,0,0,NULL,'73'),(394,'ojdjjj','cas-webapp-sextant','https://api.github.com/users/farooqsmasher/repos',440,0,0,0,NULL,'146'),(395,'ojdjjj','comet-gallery','https://api.github.com/users/farooqsmasher/repos',120,1,1,0,NULL,'146'),(396,'ojdjjj','core-geonetwork','https://api.github.com/users/farooqsmasher/repos',249624,1,1,0,NULL,'0'),(397,'akncc','angular2-experiments','https://api.github.com/users/farooqsmasher/repos',62,5,5,2,NULL,'0'),(398,'akncc','asciidoctor-maven-examples','https://api.github.com/users/farooqsmasher/repos',547,0,0,0,NULL,'0'),(399,'akncc','cas-webapp-sextant','https://api.github.com/users/farooqsmasher/repos',440,0,0,0,NULL,'73'),(400,'akncc','comet-gallery','https://api.github.com/users/farooqsmasher/repos',120,1,1,0,NULL,'73'),(401,'akncc','core-geonetwork','https://api.github.com/users/farooqsmasher/repos',249624,1,1,0,NULL,'0');

#
# Structure for table "repos_wrapper"
#

DROP TABLE IF EXISTS `repos_wrapper`;
CREATE TABLE `repos_wrapper` (
  `Id` int(11) NOT NULL AUTO_INCREMENT,
  `repos_name` varchar(255) DEFAULT NULL,
  PRIMARY KEY (`Id`)
) ENGINE=InnoDB DEFAULT CHARSET=utf8;

#
# Data for table "repos_wrapper"
#


#
# Structure for table "role_master"
#

DROP TABLE IF EXISTS `role_master`;
CREATE TABLE `role_master` (
  `Role_id` varchar(50) NOT NULL DEFAULT '',
  `Role_Desc` varchar(255) NOT NULL DEFAULT '',
  PRIMARY KEY (`Role_id`)
) ENGINE=InnoDB DEFAULT CHARSET=utf8;

#
# Data for table "role_master"
#

INSERT INTO `role_master` VALUES ('ROLE_ADMIN','admin'),('ROLE_TPA','tpa'),('ROLE_USER','user');

#
# Structure for table "tbl_users"
#

DROP TABLE IF EXISTS `tbl_users`;
CREATE TABLE `tbl_users` (
  `username` varchar(25) NOT NULL DEFAULT '',
  `password` varchar(20) NOT NULL,
  `enabled` int(1) NOT NULL,
  `dob` date DEFAULT NULL,
  `mobile_no` bigint(20) DEFAULT NULL,
  `email` varchar(50) DEFAULT NULL,
  `oldpassword` varchar(20) DEFAULT NULL,
  `first_name` varchar(255) DEFAULT NULL,
  `last_name` varchar(255) DEFAULT NULL,
  `designation` varchar(255) DEFAULT NULL,
  `githubuser` varchar(255) DEFAULT NULL,
  `repos_url` varchar(255) DEFAULT NULL,
  `location` varchar(255) DEFAULT NULL,
  `followers` varchar(255) DEFAULT NULL,
  `following` varchar(255) DEFAULT NULL,
  `member_since` varchar(255) DEFAULT NULL,
  PRIMARY KEY (`username`)
) ENGINE=InnoDB DEFAULT CHARSET=utf8;

#
# Data for table "tbl_users"
#

INSERT INTO `tbl_users` VALUES ('admin','admin',1,'1990-12-04',9902029606,'farooq@outlook.com',NULL,'admin1','admin','farooqsmasher','farooqsmasher',NULL,NULL,NULL,NULL,NULL),('adrinnnn','adrinnnn',1,NULL,NULL,'adrinnnn',NULL,NULL,NULL,'software developer','farooqsmasher','https://api.github.com/users/farooqsmasher/repos','dublin','2','6',NULL),('akncc','akncc',1,NULL,NULL,'akncc',NULL,NULL,NULL,'software developer','farooqsmasher','https://api.github.com/users/farooqsmasher/repos','dublin','2','6',NULL),('akshaytak','akshaytak',1,NULL,NULL,'akshaytak',NULL,NULL,NULL,NULL,'akki777','https://api.github.com/users/akki777/repos',NULL,NULL,NULL,NULL),('anki','anki',1,NULL,NULL,'anki',NULL,NULL,NULL,'software developer','farooqsmasher','https://api.github.com/users/farooqsmasher/repos','dublin','2','6',NULL),('aopsjnnms','aopsjnnms',1,NULL,NULL,'aopsjnnms',NULL,NULL,NULL,'software developer','farooqsmasher','https://api.github.com/users/farooqsmasher/repos','dublin','2','6',NULL),('approv','approv',1,NULL,NULL,'approv',NULL,NULL,NULL,'software developer','farooqsmasher','https://api.github.com/users/farooqsmasher/repos','dublin','2','6',NULL),('baksh','baksh',1,NULL,NULL,'baksh',NULL,NULL,NULL,'software developer','farooqsmasher','https://api.github.com/users/farooqsmasher/repos','dublin','2','6',NULL),('bb','bb',1,NULL,NULL,'bb',NULL,NULL,NULL,NULL,'farooqsmasher','https://api.github.com/users/farooqsmasher/repos',NULL,NULL,NULL,NULL),('bbb','bbb',1,NULL,NULL,'bbb',NULL,NULL,NULL,NULL,'farooqsmasher','https://api.github.com/users/farooqsmasher/repos',NULL,NULL,NULL,NULL),('bismillah','bismillah',1,NULL,NULL,'bismillah',NULL,NULL,NULL,NULL,'farooqsmasher','https://api.github.com/users/farooqsmasher/repos',NULL,NULL,NULL,NULL),('bismillah1','bismillah1',1,NULL,NULL,'bismillah1',NULL,NULL,NULL,NULL,'farooqsmasher','https://api.github.com/users/farooqsmasher/repos',NULL,NULL,NULL,NULL),('bismillah12','bismillah12',1,NULL,NULL,'bismillah12',NULL,NULL,NULL,NULL,'farooqsmasher','https://api.github.com/users/farooqsmasher/repos',NULL,NULL,NULL,NULL),('bsm','bsm',1,NULL,NULL,'bsm',NULL,NULL,NULL,NULL,'farooqsmasher','https://api.github.com/users/farooqsmasher/repos',NULL,NULL,NULL,NULL),('bsmi','bsmi',1,NULL,NULL,'bsmi',NULL,NULL,NULL,NULL,'farooqsmasher','https://api.github.com/users/farooqsmasher/repos',NULL,NULL,NULL,NULL),('checkq','checkq',1,NULL,NULL,'checkq',NULL,NULL,NULL,'software developer','farooqsmasher','https://api.github.com/users/farooqsmasher/repos','dublin','2','6',NULL),('debig21','debig21',1,NULL,NULL,'debig21',NULL,NULL,NULL,'software developer','farooqsmasher','https://api.github.com/users/farooqsmasher/repos','dublin','2','6',NULL),('debug','debug',1,NULL,NULL,'debug',NULL,NULL,NULL,'software developer','farooqsmasher','https://api.github.com/users/farooqsmasher/repos','dublin','2','6',NULL),('eee','eee',1,NULL,NULL,'eee',NULL,NULL,NULL,NULL,'farooqsmasher','https://api.github.com/users/farooqsmasher/repos',NULL,NULL,NULL,NULL),('far','far',1,NULL,NULL,'far',NULL,NULL,NULL,NULL,'farooqsmasher','https://api.github.com/users/farooqsmasher/repos',NULL,NULL,NULL,NULL),('far070','far070',1,NULL,NULL,'far070',NULL,NULL,NULL,NULL,'farooqsmasher','https://api.github.com/users/farooqsmasher/repos',NULL,NULL,NULL,NULL),('farooq','farooq',1,'1990-08-17',9902029606,'farooqsmasher@outlook.com',NULL,'sheikh','smasher','hacker','farooqsmasher',NULL,NULL,NULL,NULL,NULL),('farooqteam','farOOQQ1231',1,'2008-04-23',8993534634,'iamfarooq1@outlook.com',NULL,'mohammed','farooq','farooqsmasher','farooqsmasher',NULL,NULL,NULL,NULL,NULL),('farqwee','farqwee',1,NULL,NULL,'farqwee',NULL,NULL,NULL,'software developer','farooqsmasher','https://api.github.com/users/farooqsmasher/repos','dublin','2','6',NULL),('fffer','fffer',1,NULL,NULL,'fffer',NULL,NULL,NULL,'software developer','farooqsmasher','https://api.github.com/users/farooqsmasher/repos','dublin','2','6',NULL),('fffkin','fffkin',1,NULL,NULL,'fffkin',NULL,NULL,NULL,'software developer','farooqsmasher','https://api.github.com/users/farooqsmasher/repos','dublin','2','6',NULL),('fghhh','fghhh',1,NULL,NULL,'fghhh',NULL,NULL,NULL,'software developer','farooqsmasher','https://api.github.com/users/farooqsmasher/repos','dublin','2','6',NULL),('finaltest','finaltest',1,NULL,NULL,'finaltest',NULL,NULL,NULL,'software developer','farooqsmasher','https://api.github.com/users/farooqsmasher/repos','dublin','2','6',NULL),('finaltte','finaltte',1,NULL,NULL,'finaltte',NULL,NULL,NULL,'software developer','farooqsmasher','https://api.github.com/users/farooqsmasher/repos','dublin','2','6',NULL),('finllaa','finllaa',1,NULL,NULL,'finllaa',NULL,NULL,NULL,'software developer','farooqsmasher','https://api.github.com/users/farooqsmasher/repos','dublin','2','6',NULL),('fintett','fintett',1,NULL,NULL,'fintett',NULL,NULL,NULL,'software developer','farooqsmasher','https://api.github.com/users/farooqsmasher/repos','dublin','2','6',NULL),('foos','foos',1,NULL,NULL,'foos',NULL,NULL,NULL,'software developer','farooqsmasher','https://api.github.com/users/farooqsmasher/repos','dublin','2','6',NULL),('george','george',1,NULL,NULL,'george',NULL,NULL,NULL,NULL,'farooqsmasher','https://api.github.com/users/farooqsmasher/repos',NULL,NULL,NULL,NULL),('grhhr','grhhr',1,NULL,NULL,'grhhr',NULL,NULL,NULL,NULL,'farooqsmasher','https://api.github.com/users/farooqsmasher/repos',NULL,NULL,NULL,NULL),('hjhss','hjhss',1,NULL,NULL,'hjhss',NULL,NULL,NULL,'software developer','farooqsmasher','https://api.github.com/users/farooqsmasher/repos','dublin','2','6',NULL),('iamviqar','iamviqar',1,NULL,NULL,'iamviqar',NULL,NULL,NULL,NULL,'iamviqar','https://api.github.com/users/iamviqar/repos',NULL,NULL,NULL,NULL),('khan','khan',1,NULL,NULL,'khan',NULL,NULL,NULL,'software developer','farooqsmasher','https://api.github.com/users/farooqsmasher/repos','dublin','2','6',NULL),('kjjna','kjjna',1,NULL,NULL,'kjjna',NULL,NULL,NULL,'software developer','farooqsmasher','https://api.github.com/users/farooqsmasher/repos','dublin','2','6',NULL),('kjuuj','kjuuj',1,NULL,NULL,'kjuuj',NULL,NULL,NULL,'software developer','farooqsmasher','https://api.github.com/users/farooqsmasher/repos','dublin','2','6',NULL),('kkk','kkk',1,NULL,NULL,'kkk',NULL,NULL,NULL,NULL,'farooqsmasher','https://api.github.com/users/farooqsmasher/repos',NULL,NULL,NULL,NULL),('metriccheck','metriccheck',1,NULL,NULL,'metriccheck',NULL,NULL,NULL,'software developer','farooqsmasher','https://api.github.com/users/farooqsmasher/repos','dublin','2','6',NULL),('mfar','mfar',1,NULL,NULL,'mfar',NULL,NULL,NULL,NULL,'farooqsmasher','https://api.github.com/users/farooqsmasher/repos',NULL,NULL,NULL,NULL),('mfff','mfff',1,NULL,NULL,'mfff',NULL,NULL,NULL,NULL,'farooqsmasher','https://api.github.com/users/farooqsmasher/repos',NULL,NULL,NULL,NULL),('mnbb','mnbb',1,NULL,NULL,'mnbb',NULL,NULL,NULL,'software developer','farooqsmasher','https://api.github.com/users/farooqsmasher/repos','dublin','2','6',NULL),('mohaa','mohaa',1,NULL,NULL,'mohaa',NULL,NULL,NULL,'software developer','farooqsmasher','https://api.github.com/users/farooqsmasher/repos','dublin','2','6',NULL),('Mohammed','Mohammed',1,NULL,NULL,'Mohammed ',NULL,NULL,NULL,NULL,'farooqsmasher','https://api.github.com/users/farooqsmasher/repos',NULL,NULL,NULL,NULL),('Mohammedfa','Mohammedfa',1,NULL,NULL,'Mohammedfa',NULL,NULL,NULL,NULL,'farooqsmasher','https://api.github.com/users/farooqsmasher/repos',NULL,NULL,NULL,NULL),('myfinaltt','myfinaltt',1,NULL,NULL,'myfinaltt',NULL,NULL,NULL,'software developer','farooqsmasher','https://api.github.com/users/farooqsmasher/repos','dublin','2','6',NULL),('mysqtdd','mysqtdd',1,NULL,NULL,'mysqtdd',NULL,NULL,NULL,'software developer','farooqsmasher','https://api.github.com/users/farooqsmasher/repos','dublin','2','6',NULL),('mytest','mytest',1,NULL,NULL,'mytest',NULL,NULL,NULL,NULL,'farooqsmasher','https://api.github.com/users/farooqsmasher/repos',NULL,NULL,NULL,NULL),('mytest11','mytest11',1,NULL,NULL,'mytest11',NULL,NULL,NULL,NULL,'farooqsmasher','https://api.github.com/users/farooqsmasher/repos',NULL,NULL,NULL,NULL),('mytestt1','mytestt1',1,NULL,NULL,'mytestt1',NULL,NULL,NULL,'software developer','farooqsmasher','https://api.github.com/users/farooqsmasher/repos','dublin','2','6',NULL),('mytff','mytff',1,NULL,NULL,'mytff',NULL,NULL,NULL,NULL,'farooqsmasher','https://api.github.com/users/farooqsmasher/repos',NULL,NULL,NULL,NULL),('mywork','mywork',1,NULL,NULL,'mywork',NULL,NULL,NULL,'software developer','farooqsmasher','https://api.github.com/users/farooqsmasher/repos','dublin','2','6',NULL),('myyteee','myyteee',1,NULL,NULL,'myyteee',NULL,NULL,NULL,'software developer','farooqsmasher','https://api.github.com/users/farooqsmasher/repos','dublin','2','6',NULL),('nnn','nnn',1,NULL,NULL,'nnn',NULL,NULL,NULL,NULL,'nnn','https://api.github.com/users/nnn/repos',NULL,NULL,NULL,NULL),('npp','npp',1,NULL,NULL,'npp',NULL,NULL,NULL,NULL,'farooqsmasher','https://api.github.com/users/farooqsmasher/repos',NULL,NULL,NULL,NULL),('ojdjjj','ojdjjj',1,NULL,NULL,'ojdjjj',NULL,NULL,NULL,'software developer','farooqsmasher','https://api.github.com/users/farooqsmasher/repos','dublin','2','6',NULL),('okjhsmnssw','okjhsmnssw',1,NULL,NULL,'okjhsmnssw',NULL,NULL,NULL,'software developer','farooqsmasher','https://api.github.com/users/farooqsmasher/repos','dublin','2','6',NULL),('okshnns','okshnns',1,NULL,NULL,'okshnns',NULL,NULL,NULL,'software developer','farooqsmasher','https://api.github.com/users/farooqsmasher/repos','dublin','2','6',NULL),('oppee','oppee',1,NULL,NULL,'oppee',NULL,NULL,NULL,'software developer','farooqsmasher','https://api.github.com/users/farooqsmasher/repos','dublin','2','6',NULL),('plkk','plkk',1,NULL,NULL,'plkk',NULL,NULL,NULL,'software developer','farooqsmasher','https://api.github.com/users/farooqsmasher/repos','dublin','2','6',NULL),('plluk','plluk',1,NULL,NULL,'plluk',NULL,NULL,NULL,'software developer','farooqsmasher','https://api.github.com/users/farooqsmasher/repos','dublin','2','6',NULL),('poopp','poopp',1,NULL,NULL,'poopp',NULL,NULL,NULL,NULL,'farooqsmasher','https://api.github.com/users/farooqsmasher/repos',NULL,NULL,NULL,NULL),('popff','popff',1,NULL,NULL,'popff',NULL,NULL,NULL,NULL,'farooqsmasher','https://api.github.com/users/farooqsmasher/repos',NULL,NULL,NULL,NULL),('popo','popo',1,NULL,NULL,'popo',NULL,NULL,NULL,'software developer','farooqsmasher','https://api.github.com/users/farooqsmasher/repos','dublin','2','6',NULL),('pose3','pose3',1,NULL,NULL,'pose3',NULL,NULL,NULL,NULL,'farooqsmasher','https://api.github.com/users/farooqsmasher/repos',NULL,NULL,NULL,NULL),('qqq','qqq',1,NULL,NULL,'qqq',NULL,NULL,NULL,NULL,'farooqsmasher','https://api.github.com/users/farooqsmasher/repos',NULL,NULL,NULL,NULL),('riyaz','riyaz',1,NULL,NULL,'riyaz',NULL,NULL,NULL,'software developer','farooqsmasher','https://api.github.com/users/farooqsmasher/repos','dublin','revenueList','6',NULL),('rrr','rrr',1,NULL,NULL,'rrr',NULL,NULL,NULL,NULL,'farooqsmasher','https://api.github.com/users/farooqsmasher/repos',NULL,NULL,NULL,NULL),('salman','salman',1,NULL,NULL,'salman',NULL,NULL,NULL,'software developer','farooqsmasher','https://api.github.com/users/farooqsmasher/repos','dublin','2','6',NULL),('sheikh','farOOQQ1231',1,NULL,NULL,'test@outlook.com',NULL,NULL,NULL,NULL,'farooqsmasher','https://api.github.com/users/farooqsmasher/repos',NULL,NULL,NULL,NULL),('sheikh@gamil.com','sheikh@gamil.com',1,NULL,NULL,'sheikh@gamil.com',NULL,NULL,NULL,NULL,'farooqsmasher','https://api.github.com/users/farooqsmasher/repos',NULL,NULL,NULL,NULL),('test123','test',1,NULL,NULL,'test@test.com',NULL,NULL,NULL,NULL,NULL,NULL,NULL,NULL,NULL,NULL),('testga','testga',1,NULL,NULL,'testga',NULL,NULL,NULL,'software developer','farooqsmasher','https://api.github.com/users/farooqsmasher/repos','dublin','2','6',NULL),('testqqq','testqqq',1,NULL,NULL,'testqqq',NULL,NULL,NULL,NULL,'farooqsmasher','https://api.github.com/users/farooqsmasher/repos',NULL,NULL,NULL,NULL),('tezip','tezip',1,NULL,NULL,'tezip',NULL,NULL,NULL,NULL,'farooqsmasher','https://api.github.com/users/farooqsmasher/repos',NULL,NULL,NULL,NULL),('tokkokk','tokkokk',1,NULL,NULL,'tokkokk',NULL,NULL,NULL,'software developer','farooqsmasher','https://api.github.com/users/farooqsmasher/repos','dublin','2','6',NULL),('treet','treet',1,NULL,NULL,'treet',NULL,NULL,NULL,'software developer','farooqsmasher','https://api.github.com/users/farooqsmasher/repos','dublin','2','6',NULL),('tt','tt',1,NULL,NULL,'tt',NULL,'ttt','tt','tt',NULL,NULL,NULL,NULL,NULL,NULL),('ttesttt','ttesttt',1,NULL,NULL,'ttesttt',NULL,NULL,NULL,NULL,'farooqsmasher','https://api.github.com/users/farooqsmasher/repos',NULL,NULL,NULL,NULL),('vikku','vikku',1,NULL,NULL,'vikku',NULL,NULL,NULL,'software developer','farooqsmasher','https://api.github.com/users/farooqsmasher/repos','dublin','2','6',NULL),('viqar22','viqar22',1,NULL,NULL,'viqar22',NULL,NULL,NULL,'software developer','farooqsmasher','https://api.github.com/users/farooqsmasher/repos','dublin','2','6',NULL),('viqkaa','viqkaa',1,NULL,NULL,'viqkaa',NULL,NULL,NULL,'software developer','farooqsmasher','https://api.github.com/users/farooqsmasher/repos','dublin','2','6',NULL),('wiht','wiht',1,NULL,NULL,'wiht',NULL,NULL,NULL,'software developer','farooqsmasher','https://api.github.com/users/farooqsmasher/repos','dublin','2','6',NULL),('xxx','xxx',1,NULL,NULL,'xxx',NULL,NULL,NULL,NULL,'xx','https://api.github.com/users/XX/repos',NULL,NULL,NULL,NULL),('yyyy','yyyy',1,NULL,NULL,'yyy',NULL,NULL,NULL,NULL,'farooqsmasher','https://api.github.com/users/farooqsmasher/repos',NULL,NULL,NULL,NULL),('zip','zip',1,NULL,NULL,'zip',NULL,NULL,NULL,NULL,'farooqsmasher','https://api.github.com/users/farooqsmasher/repos',NULL,NULL,NULL,NULL),('ziptest','ziptest',1,NULL,NULL,'ziptest',NULL,NULL,NULL,NULL,'farooqsmasher','https://api.github.com/users/farooqsmasher/repos',NULL,NULL,NULL,NULL),('zzz','zzz',1,NULL,NULL,'zzz',NULL,NULL,NULL,NULL,'iamviqar','https://api.github.com/users/iamviqar/repos',NULL,NULL,NULL,NULL);

#
# Structure for table "tbl_user_role"
#

DROP TABLE IF EXISTS `tbl_user_role`;
CREATE TABLE `tbl_user_role` (
  `username` varchar(100) NOT NULL DEFAULT '0',
  `rolename` varchar(100) NOT NULL,
  `id` int(11) NOT NULL AUTO_INCREMENT,
  PRIMARY KEY (`id`),
  UNIQUE KEY `rolename_2` (`rolename`,`username`),
  KEY `username` (`username`),
  CONSTRAINT `tbl_user_role_ibfk_2` FOREIGN KEY (`rolename`) REFERENCES `role_master` (`Role_id`) ON DELETE CASCADE ON UPDATE CASCADE,
  CONSTRAINT `tbl_user_role_ibfk_3` FOREIGN KEY (`username`) REFERENCES `tbl_users` (`username`) ON DELETE CASCADE ON UPDATE CASCADE
) ENGINE=InnoDB AUTO_INCREMENT=131 DEFAULT CHARSET=utf8;

#
# Data for table "tbl_user_role"
#

INSERT INTO `tbl_user_role` VALUES ('admin','ROLE_ADMIN',16),('test123','ROLE_TPA',33),('farooq','ROLE_USER',34),('tt','ROLE_ADMIN',35),('farooqteam','ROLE_USER',36),('sheikh','ROLE_USER',37),('nnn','ROLE_USER',38),('yyyy','ROLE_USER',39),('qqq','ROLE_USER',40),('kkk','ROLE_USER',41),('bb','ROLE_USER',42),('rrr','ROLE_USER',44),('eee','ROLE_USER',45),('george','ROLE_USER',46),('bbb','ROLE_USER',48),('zzz','ROLE_USER',49),('xxx','ROLE_USER',50),('npp','ROLE_USER',53),('bsm','ROLE_USER',54),('bsmi','ROLE_USER',55),('bismillah','ROLE_USER',56),('bismillah1','ROLE_USER',57),('bismillah12','ROLE_USER',59),('far','ROLE_USER',60),('Mohammed','ROLE_USER',61),('mytest','ROLE_USER',62),('zip','ROLE_USER',63),('ziptest','ROLE_USER',64),('tezip','ROLE_USER',65),('Mohammedfa','ROLE_USER',66),('iamviqar','ROLE_USER',67),('mfar','ROLE_USER',68),('testqqq','ROLE_USER',69),('akshaytak','ROLE_USER',70),('mfff','ROLE_USER',71),('mytff','ROLE_USER',72),('poopp','ROLE_USER',73),('sheikh@gamil.com','ROLE_USER',74),('grhhr','ROLE_USER',75),('far070','ROLE_USER',76),('popff','ROLE_USER',77),('pose3','ROLE_USER',78),('ttesttt','ROLE_USER',79),('mytest11','ROLE_USER',80),('riyaz','ROLE_USER',81),('salman','ROLE_USER',82),('viqar22','ROLE_USER',83),('khan','ROLE_USER',84),('kjjna','ROLE_USER',86),('popo','ROLE_USER',87),('fffer','ROLE_USER',88),('farqwee','ROLE_USER',89),('mnbb','ROLE_USER',90),('fghhh','ROLE_USER',92),('plluk','ROLE_USER',94),('testga','ROLE_USER',95),('finaltest','ROLE_USER',96),('mywork','ROLE_USER',97),('vikku','ROLE_USER',98),('viqkaa','ROLE_USER',99),('mytestt1','ROLE_USER',100),('myyteee','ROLE_USER',101),('treet','ROLE_USER',102),('hjhss','ROLE_USER',103),('mysqtdd','ROLE_USER',104),('oppee','ROLE_USER',105),('foos','ROLE_USER',106),('fffkin','ROLE_USER',107),('finllaa','ROLE_USER',108),('debug','ROLE_USER',109),('debig21','ROLE_USER',110),('metriccheck','ROLE_USER',111),('myfinaltt','ROLE_USER',112),('wiht','ROLE_USER',113),('mohaa','ROLE_USER',114),('fintett','ROLE_USER',115),('checkq','ROLE_USER',116),('finaltte','ROLE_USER',117),('plkk','ROLE_USER',118),('baksh','ROLE_USER',119),('kjuuj','ROLE_USER',121),('anki','ROLE_USER',122),('approv','ROLE_USER',123),('adrinnnn','ROLE_USER',124),('tokkokk','ROLE_USER',125),('okshnns','ROLE_USER',126),('okjhsmnssw','ROLE_USER',127),('aopsjnnms','ROLE_USER',128),('ojdjjj','ROLE_USER',129),('akncc','ROLE_USER',130);

#
# Structure for table "uploaded_files"
#

DROP TABLE IF EXISTS `uploaded_files`;
CREATE TABLE `uploaded_files` (
  `Id` int(11) NOT NULL AUTO_INCREMENT,
  `owner` varchar(25) DEFAULT NULL,
  `name` varchar(255) DEFAULT NULL,
  `random_key` varchar(255) DEFAULT NULL,
  `upload_date` timestamp NOT NULL DEFAULT CURRENT_TIMESTAMP,
  `status` varchar(255) DEFAULT NULL,
  `description` varchar(255) DEFAULT NULL,
  `secret_key` varchar(255) DEFAULT NULL,
  PRIMARY KEY (`Id`),
  KEY `file_user_fk` (`owner`),
  CONSTRAINT `file_user_fk` FOREIGN KEY (`owner`) REFERENCES `tbl_users` (`username`)
) ENGINE=InnoDB DEFAULT CHARSET=utf8;

#
# Data for table "uploaded_files"
#


#
# Structure for table "downloads"
#

DROP TABLE IF EXISTS `downloads`;
CREATE TABLE `downloads` (
  `Id` int(11) NOT NULL AUTO_INCREMENT,
  `file_id` int(11) DEFAULT NULL,
  `download_date` timestamp NOT NULL DEFAULT CURRENT_TIMESTAMP,
  `user_name` varchar(255) DEFAULT NULL,
  PRIMARY KEY (`Id`),
  KEY `file_id_download` (`file_id`),
  KEY `Download_username` (`user_name`),
  CONSTRAINT `Download_username` FOREIGN KEY (`user_name`) REFERENCES `tbl_users` (`username`),
  CONSTRAINT `file_id_download` FOREIGN KEY (`file_id`) REFERENCES `uploaded_files` (`Id`)
) ENGINE=InnoDB DEFAULT CHARSET=utf8;

#
# Data for table "downloads"
#


#
# Structure for table "user_track"
#

DROP TABLE IF EXISTS `user_track`;
CREATE TABLE `user_track` (
  `user` varchar(100) NOT NULL DEFAULT '',
  `ip` varchar(255) DEFAULT NULL,
  `datetime` timestamp NOT NULL DEFAULT CURRENT_TIMESTAMP ON UPDATE CURRENT_TIMESTAMP,
  `status` varchar(255) DEFAULT NULL,
  `pwd_atm` varchar(255) DEFAULT NULL,
  PRIMARY KEY (`user`,`datetime`)
) ENGINE=InnoDB DEFAULT CHARSET=utf8;

#
# Data for table "user_track"
#


#
# View "hacker"
#

DROP VIEW IF EXISTS `hacker`;
CREATE
  ALGORITHM = UNDEFINED
  VIEW `hacker`
  AS
SELECT
  `username` AS 'user', `password`
FROM
  `tbl_users`;
